{
  "data": [
    {
      "x": [
        6.872991438356163,
        6.872991438356163,
        13.745982876712326,
        13.745982876712326,
        13.745982876712326,
        20.61897431506849,
        20.61897431506849,
        20.61897431506849,
        20.61897431506849,
        27.49181997623526,
        27.49181997623526,
        27.49181997623526,
        34.11875147945355,
        34.11875147945355,
        34.11875147945355,
        34.11875147945355,
        39.2699890541245,
        39.2699890541245,
        42.31793943462029,
        42.31793943462029,
        44.03457742925811,
        47.41757127244649,
        49.42159090734803,
        50.64131800529271,
        52.94623339862861,
        54.19612451412825,
        57.01678734349345,
        59.40396151115566,
        60.454227950712976,
        62.85478458744191,
        65.26992033472592,
        67.14849453527661,
        68.49353889296891,
        70.69619446184015,
        72.57440171191321,
        74.02538104437696,
        76.04748626160728,
        79.38114013090893,
        80.5838826046836,
        82.30972185595982,
        84.10173021187371,
        86.42192189260686,
        88.40895677652918,
        90.27199277684215,
        92.04582196469158,
        94.12316369298834
      ],
      "y": [
        65.30607879278168,
        65.30607879278168,
        66.07619285124657,
        66.07619285124657,
        66.07619285124657,
        66.84630690971144,
        66.84630690971144,
        66.84630690971144,
        66.84630690971144,
        67.61646776049595,
        67.61646776049595,
        67.61646776049595,
        68.4655634153199,
        68.4655634153199,
        68.4655634153199,
        68.4655634153199,
        69.78833497414173,
        69.78833497414173,
        71.78623058395743,
        71.78623058395743,
        74.21145776007941,
        77.84140181340341,
        80.45933996870201,
        83.12401583956914,
        86.30966856681609,
        89.04642448879416,
        92.42357279786042,
        95.97809948423742,
        98.77782676698912,
        102.49611090840814,
        107.53630872292229,
        110.3677232697139,
        113.21287465839707,
        118.6270429222306,
        121.30910554225316,
        124.06044644117236,
        129.84023803736758,
        135.98943294326438,
        138.69694278769737,
        144.35598112661052,
        148.00477271168896,
        153.46428601906305,
        162.08152370445166,
        168.26445786633934,
        176.9003032539936,
        194.25464120543123
      ],
      "type": "scatter",
      "mode": "lines+markers",
      "name": "Optimized Solar+Storage",
      "line": {
        "color": "#1a73e8",
        "width": 3
      },
      "marker": {
        "size": 6
      },
      "hoverinfo": "skip"
    }
  ],
  "layout": {
    "font": {
      "family": "Google Sans, -apple-system, sans-serif",
      "size": 12
    },
    "paper_bgcolor": "rgba(0,0,0,0)",
    "plot_bgcolor": "rgba(0,0,0,0)",
    "margin": {
      "l": 60,
      "r": 40,
      "t": 40,
      "b": 60
    },
    "hovermode": "x unified",
    "legend": {
      "orientation": "h",
      "yanchor": "bottom",
      "y": 1.02,
      "xanchor": "center",
      "x": 0.5
    },
    "xaxis": {
      "title": "Clean Energy Match (%)",
      "showgrid": true,
      "gridcolor": "rgba(0,0,0,0.1)",
      "range": [
        0,
        100
      ]
    },
    "yaxis": {
      "title": "System LCOE ($/MWh)",
      "showgrid": true,
      "gridcolor": "rgba(0,0,0,0.1)",
      "range": [
        50,
        213.68010532597438
      ]
    },
    "shapes": [
      {
        "type": "line",
        "x0": 49,
        "x1": 49,
        "y0": 50,
        "y1": 80.45933996870201,
        "line": {
          "color": "#ff9800",
          "width": 2,
          "dash": "dot"
        }
      },
      {
        "type": "line",
        "x0": 57,
        "x1": 57,
        "y0": 50,
        "y1": 92.42357279786042,
        "line": {
          "color": "#4caf50",
          "width": 2,
          "dash": "dot"
        }
      },
      {
        "type": "line",
        "x0": 63,
        "x1": 63,
        "y0": 50,
        "y1": 102.49611090840814,
        "line": {
          "color": "#00bcd4",
          "width": 2,
          "dash": "dot"
        }
      },
      {
        "type": "line",
        "x0": 65,
        "x1": 65,
        "y0": 50,
        "y1": 107.53630872292229,
        "line": {
          "color": "#2196f3",
          "width": 2,
          "dash": "dot"
        }
      },
      {
        "type": "line",
        "x0": 71,
        "x1": 71,
        "y0": 50,
        "y1": 118.6270429222306,
        "line": {
          "color": "#9c27b0",
          "width": 2,
          "dash": "dot"
        }
      },
      {
        "type": "line",
        "x0": 79,
        "x1": 79,
        "y0": 50,
        "y1": 135.98943294326438,
        "line": {
          "color": "#e91e63",
          "width": 2,
          "dash": "dot"
        }
      },
      {
        "type": "line",
        "x0": 85,
        "x1": 85,
        "y0": 50,
        "y1": 148.00477271168896,
        "line": {
          "color": "#795548",
          "width": 2,
          "dash": "dot"
        }
      },
      {
        "type": "line",
        "x0": 91,
        "x1": 91,
        "y0": 50,
        "y1": 168.26445786633934,
        "line": {
          "color": "#607d8b",
          "width": 2,
          "dash": "dot"
        }
      }
    ],
    "annotations": [
      {
        "x": 49,
        "y": 88.45933996870201,
        "text": "1h",
        "showarrow": false,
        "font": {
          "size": 10,
          "color": "#ff9800",
          "weight": "bold"
        }
      },
      {
        "x": 57,
        "y": 100.42357279786042,
        "text": "2h",
        "showarrow": false,
        "font": {
          "size": 10,
          "color": "#4caf50",
          "weight": "bold"
        }
      },
      {
        "x": 63,
        "y": 110.49611090840814,
        "text": "3h",
        "showarrow": false,
        "font": {
          "size": 10,
          "color": "#00bcd4",
          "weight": "bold"
        }
      },
      {
        "x": 65,
        "y": 115.53630872292229,
        "text": "4h",
        "showarrow": false,
        "font": {
          "size": 10,
          "color": "#2196f3",
          "weight": "bold"
        }
      },
      {
        "x": 71,
        "y": 126.6270429222306,
        "text": "5h",
        "showarrow": false,
        "font": {
          "size": 10,
          "color": "#9c27b0",
          "weight": "bold"
        }
      },
      {
        "x": 79,
        "y": 143.98943294326438,
        "text": "6h",
        "showarrow": false,
        "font": {
          "size": 10,
          "color": "#e91e63",
          "weight": "bold"
        }
      },
      {
        "x": 85,
        "y": 156.00477271168896,
        "text": "7h",
        "showarrow": false,
        "font": {
          "size": 10,
          "color": "#795548",
          "weight": "bold"
        }
      },
      {
        "x": 91,
        "y": 176.26445786633934,
        "text": "8h",
        "showarrow": false,
        "font": {
          "size": 10,
          "color": "#607d8b",
          "weight": "bold"
        }
      },
      {
        "x": 0.98,
        "y": 0.95,
        "xref": "paper",
        "yref": "paper",
        "text": "Vertical lines show when<br>storage hours increase",
        "showarrow": false,
        "font": {
          "size": 10,
          "color": "#666"
        },
        "align": "right"
      }
    ]
  }
}