{
  "data": [
    {
      "x": [
        39.73805313559167,
        39.73805313559167,
        39.73805313559167,
        39.73805313559167,
        39.73805313559167,
        39.73805313559167,
        39.73805313559167,
        39.73805313559167,
        39.73805313559167,
        39.73805313559167,
        39.73805313559167,
        39.73805313559167,
        39.73805313559167,
        39.73805313559167,
        39.73805313559167,
        39.73805313559167,
        39.73805313559167,
        39.73805313559167,
        43.57211839949465,
        43.57211839949465,
        44.38277059802045,
        47.36154113180008,
        49.211477779385206,
        50.96769771863136,
        53.991179775203626,
        55.63535983517831,
        57.98414753566777,
        59.40396151115566,
        60.454227950712976,
        62.85478458744191,
        65.26992033472592,
        67.14849453527661,
        68.49353889296891,
        70.69619446184015,
        72.57440171191321,
        74.02538104437696,
        76.04748626160728,
        79.38114013090893,
        80.5838826046836,
        82.30972185595982,
        84.10173021187371,
        86.42192189260686,
        88.40895677652918,
        90.27199277684215,
        92.04582196469158,
        94.12316369298834
      ],
      "y": [
        58.166396958246324,
        58.166396958246324,
        58.166396958246324,
        58.166396958246324,
        58.166396958246324,
        58.166396958246324,
        58.166396958246324,
        58.166396958246324,
        58.166396958246324,
        58.166396958246324,
        58.166396958246324,
        58.166396958246324,
        58.166396958246324,
        58.166396958246324,
        58.166396958246324,
        58.166396958246324,
        58.166396958246324,
        58.166396958246324,
        58.48875905983802,
        58.48875905983802,
        58.74085776928491,
        59.44008793434287,
        60.06344790321463,
        60.887857865671116,
        61.82929482631411,
        62.811398483099154,
        63.838674064534494,
        64.89312124200396,
        65.99085723328373,
        67.18402877725615,
        68.87234211582236,
        70.0013643734616,
        71.14390262456538,
        73.20280427862424,
        74.1846278273676,
        75.24405168180802,
        77.64000918904566,
        80.45520991208902,
        81.47080271204321,
        83.74600696199877,
        85.75272140870258,
        87.82840062711905,
        91.36988717907124,
        94.21882715810557,
        97.77892141232338,
        104.98175709688822
      ],
      "type": "scatter",
      "mode": "lines+markers",
      "name": "Ultra-Cheap Solar+Storage",
      "line": {
        "color": "#34a853",
        "width": 3
      },
      "marker": {
        "size": 6
      },
      "hoverinfo": "skip"
    }
  ],
  "layout": {
    "font": {
      "family": "Google Sans, -apple-system, sans-serif",
      "size": 12
    },
    "paper_bgcolor": "rgba(0,0,0,0)",
    "plot_bgcolor": "rgba(0,0,0,0)",
    "margin": {
      "l": 60,
      "r": 40,
      "t": 40,
      "b": 60
    },
    "hovermode": "x unified",
    "legend": {
      "orientation": "h",
      "yanchor": "bottom",
      "y": 1.02,
      "xanchor": "center",
      "x": 0.5
    },
    "xaxis": {
      "title": "Clean Energy Match (%)",
      "showgrid": true,
      "gridcolor": "rgba(0,0,0,0.1)",
      "range": [
        0,
        100
      ]
    },
    "yaxis": {
      "title": "System LCOE ($/MWh)",
      "showgrid": true,
      "gridcolor": "rgba(0,0,0,0.1)",
      "range": [
        50,
        115.47993280657705
      ]
    },
    "shapes": [
      {
        "type": "line",
        "x0": 45,
        "x1": 45,
        "y0": 50,
        "y1": 58.74085776928491,
        "line": {
          "color": "#ff9800",
          "width": 2,
          "dash": "dot"
        }
      },
      {
        "type": "line",
        "x0": 51,
        "x1": 51,
        "y0": 50,
        "y1": 60.887857865671116,
        "line": {
          "color": "#4caf50",
          "width": 2,
          "dash": "dot"
        }
      },
      {
        "type": "line",
        "x0": 63,
        "x1": 63,
        "y0": 50,
        "y1": 67.18402877725615,
        "line": {
          "color": "#00bcd4",
          "width": 2,
          "dash": "dot"
        }
      },
      {
        "type": "line",
        "x0": 65,
        "x1": 65,
        "y0": 50,
        "y1": 68.87234211582236,
        "line": {
          "color": "#2196f3",
          "width": 2,
          "dash": "dot"
        }
      },
      {
        "type": "line",
        "x0": 71,
        "x1": 71,
        "y0": 50,
        "y1": 73.20280427862424,
        "line": {
          "color": "#9c27b0",
          "width": 2,
          "dash": "dot"
        }
      },
      {
        "type": "line",
        "x0": 79,
        "x1": 79,
        "y0": 50,
        "y1": 80.45520991208902,
        "line": {
          "color": "#e91e63",
          "width": 2,
          "dash": "dot"
        }
      },
      {
        "type": "line",
        "x0": 85,
        "x1": 85,
        "y0": 50,
        "y1": 85.75272140870258,
        "line": {
          "color": "#795548",
          "width": 2,
          "dash": "dot"
        }
      },
      {
        "type": "line",
        "x0": 91,
        "x1": 91,
        "y0": 50,
        "y1": 94.21882715810557,
        "line": {
          "color": "#607d8b",
          "width": 2,
          "dash": "dot"
        }
      }
    ],
    "annotations": [
      {
        "x": 45,
        "y": 66.7408577692849,
        "text": "1h",
        "showarrow": false,
        "font": {
          "size": 10,
          "color": "#ff9800",
          "weight": "bold"
        }
      },
      {
        "x": 51,
        "y": 68.88785786567112,
        "text": "2h",
        "showarrow": false,
        "font": {
          "size": 10,
          "color": "#4caf50",
          "weight": "bold"
        }
      },
      {
        "x": 63,
        "y": 75.18402877725615,
        "text": "3h",
        "showarrow": false,
        "font": {
          "size": 10,
          "color": "#00bcd4",
          "weight": "bold"
        }
      },
      {
        "x": 65,
        "y": 76.87234211582236,
        "text": "4h",
        "showarrow": false,
        "font": {
          "size": 10,
          "color": "#2196f3",
          "weight": "bold"
        }
      },
      {
        "x": 71,
        "y": 81.20280427862424,
        "text": "5h",
        "showarrow": false,
        "font": {
          "size": 10,
          "color": "#9c27b0",
          "weight": "bold"
        }
      },
      {
        "x": 79,
        "y": 88.45520991208902,
        "text": "6h",
        "showarrow": false,
        "font": {
          "size": 10,
          "color": "#e91e63",
          "weight": "bold"
        }
      },
      {
        "x": 85,
        "y": 93.75272140870258,
        "text": "7h",
        "showarrow": false,
        "font": {
          "size": 10,
          "color": "#795548",
          "weight": "bold"
        }
      },
      {
        "x": 91,
        "y": 102.21882715810557,
        "text": "8h",
        "showarrow": false,
        "font": {
          "size": 10,
          "color": "#607d8b",
          "weight": "bold"
        }
      },
      {
        "x": 0.98,
        "y": 0.95,
        "xref": "paper",
        "yref": "paper",
        "text": "Vertical lines show when<br>storage hours increase",
        "showarrow": false,
        "font": {
          "size": 10,
          "color": "#666"
        },
        "align": "right"
      }
    ]
  }
}